sample,seed,read_dung,objective,A,B,C
sample_001,100,1121,1090.733,A*02:07 A*11:01,B*08:01 B*18:01,C*07:02 C*07:04
sample_001,200,1195,1162.735,A*02:07 A*11:01,B*08:01 B*18:01,C*07:02 C*07:04
sample_001,300,1108,1078.084,A*02:07 A*11:01,B*08:01 B*18:01,C*07:02 C*07:04
sample_002,100,884,860.132,A*11:01 A*33:03,B*13:01 B*58:01,C*03:02 C*03:04
sample_002,200,915,890.295,A*11:01 A*33:03,B*13:01 B*58:01,C*03:02 C*03:04
sample_002,300,892,867.9159999999999,A*11:01 A*33:03,B*13:01 B*58:01,C*03:02 C*03:04
sample_003,100,680,661.62,A*02:01 A*24:02,B*35:05 B*40:01,C*03:04 C*04:01
sample_003,200,681,662.603,A*02:06 A*24:28,B*35:05 B*40:01,C*03:04 C*04:01
sample_003,300,731,711.253,A*02:01 A*24:02,B*35:05 B*40:01,C*03:04 C*04:01
sample_004,100,1456,1416.688,A*11:01 A*24:02,B*15:02 B*35:03,C*04:01 C*08:01
sample_004,200,1445,1405.985,A*11:01 A*24:02,B*15:02 B*35:03,C*04:01 C*08:01
sample_004,300,1449,1409.877,A*11:01 A*24:02,B*15:02 B*35:03,C*04:01 C*08:01
sample_005,100,1236,1202.628,A*24:02 A*33:03,B*35:05 B*58:01,C*03:02 C*04:01
sample_005,200,1275,1240.575,A*24:02 A*33:03,B*35:05 B*58:01,C*03:02 C*04:01
sample_005,300,1281,1246.413,A*24:02 A*33:03,B*35:05 B*58:01,C*03:02 C*04:01
sample_006,100,1166,1134.508,A*24:03 A*33:03,B*15:12 B*44:03,C*03:03 C*07:06
sample_006,200,1223,1189.969,A*24:03 A*33:03,B*15:12 B*44:03,C*03:03 C*07:06
sample_006,300,1162,1130.616,A*24:03 A*33:03,B*15:12 B*44:03,C*03:03 C*07:06
sample_007,100,900,875.6999999999999,A*11:02 A*24:02,B*27:06 B*40:01,C*03:04 C*07:02
sample_007,200,920,895.16,A*11:02 A*24:02,B*27:06 B*40:01,C*03:04 C*07:02
sample_007,300,905,880.555,A*11:02 A*24:63,B*27:06 B*40:01,C*03:03 C*07:02
sample_008,100,673,654.809,A*02:12 A*24:02,B*39:02 B*40:01,C*03:03 C*07:02
sample_008,200,631,613.943,A*02:12 A*24:02,B*38:02 B*40:49,C*03:02 C*07:02
sample_008,300,688,669.394,A*02:44 A*24:08,B*38:02 B*40:49,C*03:32 C*07:02
sample_009,100,938,912.674,A*26:01 A*29:01,B*15:11 B*55:02,C*01:02 C*03:03
sample_009,200,921,896.1329999999999,A*26:01 A*29:01,B*15:11 B*55:02,C*01:02 C*03:03
sample_009,300,929,903.917,A*26:01 A*29:01,B*15:11 B*55:02,C*01:02 C*03:03
sample_010,100,853,829.9689999999999,A*02:03 A*29:01,B*07:05 B*38:02,C*07:02 C*15:05
sample_010,200,869,845.537,A*02:03 A*29:01,B*07:05 B*38:02,C*07:02 C*15:05
sample_010,300,821,798.833,A*02:03 A*29:01,B*07:05 B*38:02,C*07:02 C*15:05
sample_011,100,1238,1204.574,A*02:03 A*24:02,B*38:02 B*52:01,C*07:02 C*12:02
sample_011,200,1163,1131.599,A*02:03 A*24:02,B*38:02 B*52:01,C*07:02 C*12:02
sample_011,300,1211,1178.303,A*02:03 A*24:02,B*38:02 B*52:01,C*07:02 C*12:02
sample_012,100,1046,1017.758,A*02:07 A*24:02,B*15:02 B*27:06,C*03:04 C*08:01
sample_012,200,1060,1031.38,A*02:07 A*24:02,B*15:02 B*27:06,C*03:04 C*08:01
sample_012,300,1114,1083.922,A*02:07 A*24:02,B*15:02 B*27:06,C*03:04 C*08:01
sample_013,100,762,741.4259999999999,A*02:07 A*33:03,B*13:01 B*51:01,C*07:02 C*14:02
sample_013,200,827,804.6709999999999,A*02:07 A*33:03,B*13:01 B*51:01,C*07:02 C*14:02
sample_013,300,828,805.644,A*02:07 A*33:03,B*13:01 B*51:01,C*07:02 C*14:02
sample_014,100,1053,1024.569,A*24:07 A*26:01,B*35:05 B*46:01,C*01:02 C*04:01
sample_014,200,980,953.54,A*24:07 A*26:01,B*35:05 B*46:01,C*01:02 C*04:01
sample_014,300,975,948.675,A*24:07 A*26:01,B*35:05 B*46:01,C*01:02 C*04:01
sample_015,100,1391,1353.443,A*24:02 A*33:03,B*15:02 B*56:04,C*01:02 C*03:04
sample_015,200,1349,1312.577,A*24:02 A*33:03,B*15:02 B*56:04,C*01:02 C*03:04
sample_015,300,1257,1223.061,A*24:02 A*33:03,B*15:02 B*56:04,C*01:02 C*03:04
sample_016,100,1294,1259.062,A*11:01 A*24:02,B*15:25 B*40:01,C*04:01 C*04:03
sample_016,200,1288,1253.224,A*11:01 A*24:02,B*15:25 B*40:01,C*04:01 C*04:03
sample_016,300,1355,1318.415,A*11:01 A*24:02,B*15:25 B*40:01,C*04:01 C*04:03
sample_017,100,446,437.972,A*11:02 A*11:02,B*15:25 B*39:01,C*04:03 C*07:02
sample_017,200,443,435.016,A*11:02 A*11:02,B*15:25 B*39:02,C*04:03 C*07:02
sample_017,300,450,441.89,A*11:02 A*11:02,B*15:25 B*39:02,C*04:03 C*07:02
sample_018,100,1169,1137.437,A*24:02 A*68:01,B*40:06 B*46:01,C*01:02 C*08:01
sample_018,200,1157,1125.761,A*24:02 A*68:01,B*40:06 B*46:01,C*01:02 C*08:01
sample_018,300,1154,1122.842,A*24:02 A*68:01,B*40:06 B*46:01,C*01:02 C*08:01
sample_019,100,1565,1522.735,A*02:45 A*03:02,B*13:02 B*35:01,C*03:03 C*06:02
sample_019,200,1503,1462.419,A*02:01 A*03:02,B*13:02 B*35:01,C*03:03 C*06:02
sample_019,300,1457,1417.651,A*02:45 A*03:02,B*13:02 B*35:01,C*03:03 C*06:02
sample_020,100,608,591.584,A*11:01 A*31:01,B*40:02 B*51:02,C*07:02 C*15:02
sample_020,200,593,576.979,A*11:01 A*31:01,B*40:02 B*51:02,C*07:19 C*15:09
sample_020,300,636,618.818,A*11:01 A*31:01,B*40:08 B*51:02,C*07:02 C*15:02
sample_021,100,1056,1027.488,A*01:01 A*11:01,B*15:17 B*46:01,C*01:02 C*07:01
sample_021,200,1059,1030.407,A*01:01 A*11:01,B*15:17 B*46:01,C*01:02 C*07:01
sample_021,300,1077,1047.921,A*01:01 A*11:01,B*15:17 B*46:01,C*01:02 C*07:01
sample_022,100,879,855.2669999999999,A*02:01 A*02:03,B*40:01 B*52:01,C*03:04 C*12:02
sample_022,200,932,906.836,A*02:01 A*02:03,B*40:01 B*52:01,C*03:04 C*12:02
sample_022,300,923,898.079,A*02:01 A*02:03,B*40:01 B*52:01,C*03:04 C*12:02
sample_023,100,678,659.684,A*02:11 A*31:01,B*48:01 B*54:01,C*01:02 C*08:01
sample_023,200,666,648.008,A*02:45 A*31:01,B*48:01 B*54:01,C*01:02 C*08:01
sample_023,300,660,642.17,A*02:01 A*31:01,B*48:01 B*54:01,C*01:02 C*08:01
sample_024,100,498,484.554,A*02:07 A*11:01,B*15:02 B*46:01,C*01:02 C*08:01
sample_024,200,471,458.263,A*02:07 A*11:06,B*15:02 B*46:01,C*01:05 C*08:01
sample_024,300,457,444.651,A*02:07 A*11:01,B*15:02 B*46:01,C*01:02 C*08:01
sample_025,100,1216,1183.168,A*02:07 A*11:01,B*37:01 B*46:01,C*01:02 C*07:01
sample_025,200,1094,1064.462,A*02:07 A*11:01,B*37:01 B*46:01,C*01:02 C*07:01
sample_025,300,1174,1142.302,A*02:07 A*11:01,B*37:01 B*46:01,C*01:02 C*07:01
sample_026,100,601,584.773,A*11:01 A*74:02,B*15:01 B*38:02,C*04:01 C*07:02
sample_026,200,549,534.177,A*11:01 A*74:02,B*15:01 B*38:02,C*04:01 C*07:02
sample_026,300,596,579.898,A*11:01 A*74:02,B*15:01 B*38:02,C*04:01 C*07:02
sample_027,100,739,725.698,A*11:02 A*11:02,B*15:02 B*40:01,C*07:02 C*08:01
sample_027,200,774,760.068,A*11:01 A*11:01,B*15:02 B*40:01,C*07:02 C*08:01
sample_027,300,778,756.984,A*11:01 A*11:02,B*15:02 B*40:01,C*07:02 C*08:01
sample_028,100,1298,1262.944,A*11:01 A*33:03,B*51:06 B*58:01,C*03:02 C*14:02
sample_028,200,1206,1173.418,A*11:10 A*33:03,B*51:06 B*58:01,C*03:02 C*14:02
sample_028,300,1197,1164.671,A*11:01 A*33:03,B*51:06 B*58:01,C*03:02 C*14:02
sample_029,100,770,749.21,A*11:01 A*33:03,B*38:02 B*58:01,C*03:02 C*07:02
sample_029,200,715,695.6949999999999,A*11:01 A*33:03,B*38:02 B*58:01,C*03:02 C*07:02
sample_029,300,717,697.631,A*11:19 A*33:03,B*38:02 B*58:01,C*03:02 C*07:02
sample_030,100,656,638.288,A*11:01 A*24:02,B*13:01 B*46:01,C*01:02 C*03:04
sample_030,200,615,598.395,A*11:01 A*24:02,B*13:01 B*46:01,C*01:02 C*03:04
sample_030,300,645,627.585,A*11:01 A*24:02,B*13:01 B*46:01,C*01:02 C*03:04
sample_031,100,1036,1008.028,A*02:07 A*33:03,B*46:01 B*58:01,C*01:02 C*03:02
sample_031,200,1033,1005.109,A*02:07 A*33:03,B*46:01 B*58:01,C*01:02 C*03:02
sample_031,300,1044,1015.812,A*02:07 A*33:03,B*46:01 B*58:01,C*01:02 C*03:02
sample_032,100,1088,1068.416,A*33:03 A*33:03,B*15:27 B*58:01,C*03:02 C*04:01
sample_032,200,1138,1117.516,A*33:03 A*33:03,B*15:27 B*58:01,C*03:02 C*04:01
sample_032,300,1122,1101.804,A*33:03 A*33:03,B*15:27 B*58:01,C*03:02 C*04:01
sample_033,100,849,826.077,A*11:01 A*33:03,B*15:25 B*58:01,C*03:02 C*04:03
sample_033,200,805,783.265,A*11:01 A*33:03,B*15:25 B*58:01,C*03:02 C*04:03
sample_033,300,863,839.699,A*11:01 A*33:03,B*15:25 B*58:01,C*03:02 C*04:03
sample_034,100,614,597.422,A*29:01 A*33:03,B*07:05 B*56:04,C*01:02 C*15:05
sample_034,200,644,626.612,A*29:01 A*33:03,B*07:05 B*56:04,C*01:02 C*15:05
sample_034,300,662,644.126,A*29:01 A*33:03,B*07:05 B*56:04,C*01:02 C*15:05
sample_035,100,705,685.965,A*11:01 A*30:01,B*13:02 B*15:02,C*06:02 C*08:01
sample_035,200,748,727.804,A*11:01 A*30:01,B*13:02 B*15:02,C*06:02 C*08:01
sample_035,300,704,684.992,A*11:01 A*30:01,B*13:02 B*15:02,C*06:02 C*08:01
sample_036,100,852,836.664,A*11:01 A*11:01,B*15:02 B*44:03,C*03:04 C*08:01
sample_036,200,777,763.014,A*11:01 A*11:01,B*15:02 B*44:03,C*03:04 C*08:01
sample_036,300,814,799.348,A*11:01 A*11:01,B*15:02 B*44:03,C*03:04 C*08:01
sample_037,100,1120,1089.76,A*02:01 A*29:01,B*07:05 B*55:02,C*04:03 C*15:05
sample_037,200,1145,1114.085,A*02:01 A*29:01,B*07:05 B*55:02,C*04:03 C*15:05
sample_037,300,1123,1092.679,A*02:01 A*29:01,B*07:05 B*55:02,C*04:03 C*15:05
sample_038,100,931,905.863,A*02:03 A*24:02,B*15:25 B*38:02,C*04:03 C*07:02
sample_038,200,956,930.188,A*02:03 A*24:02,B*15:25 B*38:02,C*04:03 C*07:02
sample_038,300,917,892.241,A*02:03 A*24:02,B*15:25 B*38:02,C*04:03 C*07:02
sample_039,100,718,711.538,A*02:03 A*11:01,B*38:02 B*38:02,C*07:02 C*07:02
sample_039,200,736,729.376,A*02:03 A*11:01,B*38:02 B*38:02,C*07:02 C*07:02
sample_039,300,792,784.872,A*02:03 A*11:01,B*38:02 B*38:02,C*07:02 C*07:02
sample_040,100,761,740.443,A*02:03 A*02:07,B*15:02 B*39:09,C*07:02 C*08:01
sample_040,200,697,678.1709999999999,A*02:03 A*02:07,B*15:02 B*39:09,C*07:02 C*08:01
sample_040,300,719,699.577,A*02:03 A*02:07,B*15:02 B*39:09,C*07:02 C*08:01
sample_041,100,1238,1215.716,A*24:07 A*24:07,B*15:02 B*35:05,C*04:01 C*08:01
sample_041,200,1262,1239.284,A*24:07 A*24:07,B*15:02 B*35:05,C*04:01 C*08:01
sample_041,300,1244,1221.608,A*24:07 A*24:07,B*15:02 B*35:05,C*04:01 C*08:01
sample_042,100,901,876.673,A*02:03 A*24:10,B*18:02 B*38:02,C*07:02 C*07:04
sample_042,200,903,878.619,A*02:03 A*24:10,B*18:02 B*38:02,C*07:02 C*07:04
sample_042,300,876,852.348,A*02:03 A*24:10,B*18:02 B*38:02,C*07:02 C*07:04
sample_043,100,756,735.588,A*03:01 A*11:01,B*07:02 B*48:01,C*03:04 C*07:02
sample_043,200,759,738.497,A*03:12 A*11:01,B*40:01 B*48:08,C*03:04 C*07:02
sample_043,300,743,722.939,A*03:01 A*11:01,B*40:01 B*48:08,C*03:04 C*07:02
sample_044,100,1185,1153.005,A*02:06 A*24:02,B*15:25 B*38:02,C*04:03 C*07:02
sample_044,200,1230,1196.79,A*02:06 A*24:02,B*15:25 B*38:02,C*04:03 C*07:02
sample_044,300,1190,1157.87,A*02:06 A*24:02,B*15:25 B*38:02,C*04:03 C*07:02
sample_045,100,939,913.647,A*11:02 A*29:01,B*07:05 B*15:25,C*07:02 C*15:05
sample_045,200,921,896.1329999999999,A*11:02 A*29:01,B*07:05 B*15:25,C*07:02 C*15:05
sample_045,300,890,865.97,A*11:02 A*29:01,B*07:05 B*15:25,C*07:02 C*15:05
sample_046,100,990,963.26,A*02:03 A*24:29,B*18:01 B*54:01,C*01:02 C*07:04
sample_046,200,978,951.594,A*02:03 A*24:02,B*18:01 B*54:01,C*01:02 C*07:04
sample_046,300,1020,992.45,A*02:03 A*24:02,B*18:01 B*54:01,C*01:02 C*07:04
sample_047,100,1092,1062.5159999999998,A*02:07 A*11:01,B*07:02 B*38:02,C*07:02 C*07:02
sample_047,200,1046,1017.748,A*02:07 A*11:01,B*07:02 B*38:02,C*07:02 C*07:02
sample_047,300,982,955.486,A*02:07 A*11:01,B*07:02 B*38:02,C*07:02 C*07:02
sample_048,100,852,836.664,A*02:01 A*11:01,B*40:01 B*40:01,C*04:03 C*07:02
sample_048,200,826,811.122,A*02:01 A*11:01,B*40:01 B*40:01,C*04:03 C*07:02
sample_048,300,899,882.818,A*02:01 A*11:01,B*40:01 B*40:01,C*04:03 C*07:02
sample_049,100,796,774.508,A*02:06 A*33:03,B*15:13 B*52:01,C*03:02 C*12:02
sample_049,200,843,820.239,A*02:06 A*33:03,B*15:13 B*52:01,C*03:02 C*12:02
sample_049,300,816,793.968,A*02:06 A*33:03,B*15:13 B*52:01,C*03:02 C*12:02
sample_050,100,770,749.21,A*11:01 A*32:01,B*07:02 B*13:01,C*03:04 C*07:02
sample_050,200,756,735.588,A*11:01 A*32:01,B*07:02 B*13:01,C*03:04 C*07:02
sample_050,300,786,764.778,A*11:01 A*32:01,B*07:02 B*13:01,C*03:04 C*07:02
sample_051,100,1364,1327.172,A*02:03 A*24:02,B*27:06 B*55:02,C*01:02 C*03:04
sample_051,200,1287,1252.251,A*02:03 A*24:02,B*27:06 B*55:02,C*01:02 C*03:04
sample_051,300,1339,1302.847,A*02:03 A*24:02,B*27:06 B*55:02,C*01:02 C*03:04
sample_052,100,777,756.021,A*24:07 A*29:01,B*07:05 B*35:01,C*03:03 C*15:05
sample_052,200,741,720.9929999999999,A*24:02 A*29:01,B*07:05 B*35:01,C*03:03 C*15:05
sample_052,300,735,715.155,A*24:02 A*29:01,B*07:05 B*35:01,C*03:03 C*15:05
sample_053,100,1403,1365.119,A*02:07 A*29:01,B*07:05 B*46:01,C*01:02 C*15:05
sample_053,200,1469,1429.337,A*02:07 A*29:01,B*07:05 B*46:01,C*01:02 C*15:05
sample_053,300,1510,1469.23,A*02:07 A*29:01,B*07:05 B*46:01,C*01:02 C*15:05
sample_054,100,1253,1219.159,A*24:03 A*34:01,B*15:25 B*15:35,C*04:03 C*07:02
sample_054,200,1198,1165.644,A*24:03 A*34:01,B*15:25 B*15:35,C*04:03 C*07:02
sample_054,300,1227,1193.861,A*24:03 A*34:01,B*15:25 B*15:35,C*04:03 C*07:02
sample_055,100,576,570.816,A*11:01 A*11:01,B*15:02 B*15:02,C*04:03 C*08:01
sample_055,200,566,560.906,A*11:01 A*11:01,B*15:25 B*15:25,C*04:03 C*08:01
sample_055,300,546,536.172,A*11:01 A*11:01,B*15:02 B*15:25,C*04:03 C*08:21
sample_056,100,784,762.832,A*02:03 A*11:01,B*51:01 B*55:02,C*07:02 C*14:02
sample_056,200,825,802.725,A*02:03 A*11:01,B*51:01 B*55:02,C*07:02 C*14:02
sample_056,300,819,796.877,A*02:03 A*11:06,B*51:01 B*55:02,C*07:02 C*14:02
sample_057,100,1657,1627.174,A*11:01 A*11:01,B*40:01 B*46:01,C*01:02 C*03:04
sample_057,200,1633,1603.606,A*11:01 A*11:01,B*40:01 B*46:01,C*01:02 C*03:04
sample_057,300,1597,1568.254,A*11:01 A*11:01,B*40:01 B*46:01,C*01:02 C*03:04
sample_058,100,1005,977.865,A*29:01 A*33:03,B*15:02 B*46:01,C*01:02 C*08:01
sample_058,200,999,972.027,A*29:01 A*33:03,B*15:02 B*46:01,C*01:02 C*08:01
sample_058,300,1030,1002.19,A*29:01 A*33:03,B*15:02 B*46:01,C*01:02 C*08:01
sample_059,100,1204,1171.492,A*02:06 A*24:02,B*15:02 B*15:25,C*07:02 C*08:01
sample_059,200,1223,1189.979,A*02:06 A*24:02,B*15:02 B*15:25,C*07:02 C*08:01
sample_059,300,1219,1186.087,A*02:06 A*24:02,B*15:02 B*15:25,C*07:02 C*08:01
sample_060,100,1080,1050.84,A*26:01 A*29:01,B*07:05 B*40:06,C*08:01 C*15:05
sample_060,200,1141,1110.193,A*26:01 A*29:01,B*07:05 B*40:06,C*08:01 C*15:05
sample_060,300,1073,1044.029,A*26:01 A*29:01,B*07:05 B*40:06,C*08:01 C*15:05
sample_061,100,663,657.033,A*11:01 A*11:01,B*39:01 B*40:01,C*07:02 C*07:02
sample_061,200,698,691.7180000000001,A*11:01 A*11:01,B*39:01 B*40:01,C*07:02 C*07:02
sample_061,300,712,705.592,A*11:01 A*11:01,B*39:01 B*40:01,C*07:02 C*07:02
sample_062,100,676,663.832,A*02:06 A*11:01,B*35:01 B*40:01,C*03:03 C*03:03
sample_062,200,722,709.004,A*02:06 A*11:01,B*35:01 B*40:01,C*03:03 C*03:03
sample_062,300,668,655.976,A*02:06 A*11:01,B*35:01 B*40:01,C*03:03 C*03:03
sample_063,100,1366,1366.0,A*11:01 A*11:01,B*15:02 B*15:02,C*08:01 C*08:01
sample_063,200,1333,1333.0,A*11:01 A*11:01,B*15:02 B*15:02,C*08:01 C*08:01
sample_063,300,1440,1440.0,A*11:01 A*11:01,B*15:02 B*15:02,C*08:01 C*08:01
sample_064,100,1567,1524.691,A*02:03 A*31:01,B*40:01 B*51:02,C*04:03 C*15:02
sample_064,200,1711,1664.803,A*02:03 A*31:01,B*40:01 B*51:02,C*04:03 C*15:02
sample_064,300,1638,1593.774,A*02:03 A*31:01,B*40:01 B*51:02,C*04:03 C*15:02
sample_065,100,1256,1222.088,A*02:03 A*02:07,B*46:01 B*51:01,C*01:02 C*04:03
sample_065,200,1313,1277.549,A*02:03 A*02:07,B*46:01 B*51:01,C*01:02 C*04:03
sample_065,300,1244,1210.412,A*02:03 A*02:07,B*46:01 B*51:01,C*01:02 C*04:03
sample_066,100,717,697.641,A*11:01 A*24:02,B*35:05 B*40:01,C*04:01 C*07:02
sample_066,200,720,700.55,A*11:01 A*24:02,B*35:05 B*40:01,C*04:01 C*07:02
sample_066,300,726,706.398,A*11:01 A*24:02,B*35:05 B*40:01,C*04:01 C*07:02
sample_067,100,767,746.2909999999999,A*24:02 A*33:03,B*07:02 B*48:01,C*07:02 C*08:03
sample_067,200,716,696.668,A*24:08 A*33:03,B*07:02 B*48:01,C*07:02 C*08:03
sample_067,300,778,756.994,A*24:20 A*33:03,B*07:02 B*48:01,C*07:02 C*08:03
sample_068,100,1354,1317.442,A*02:07 A*29:01,B*07:05 B*15:02,C*08:01 C*15:05
sample_068,200,1281,1246.413,A*02:07 A*29:01,B*07:05 B*15:02,C*08:01 C*15:05
sample_068,300,1386,1348.578,A*02:07 A*29:01,B*07:05 B*15:02,C*08:01 C*15:05
sample_069,100,539,524.427,A*01:06 A*29:01,B*07:05 B*57:01,C*06:03 C*15:05
sample_069,200,541,526.393,A*01:01 A*29:01,B*07:05 B*57:01,C*06:02 C*15:05
sample_069,300,529,514.717,A*01:01 A*29:01,B*07:05 B*57:01,C*06:02 C*15:05
sample_070,100,1015,987.595,A*02:03 A*33:03,B*38:02 B*40:01,C*03:04 C*07:02
sample_070,200,1057,1028.461,A*02:03 A*33:03,B*38:02 B*40:01,C*03:04 C*07:02
sample_070,300,982,955.486,A*02:03 A*33:03,B*38:02 B*40:01,C*03:04 C*07:02
sample_071,100,1286,1251.278,A*02:06 A*11:01,B*15:01 B*15:25,C*04:03 C*07:02
sample_071,200,1264,1229.872,A*02:06 A*11:01,B*15:01 B*15:25,C*04:03 C*07:02
sample_071,300,1197,1164.681,A*02:06 A*11:01,B*15:01 B*15:25,C*04:03 C*07:02
sample_072,100,1008,980.784,A*02:01 A*11:01,B*15:02 B*35:01,C*03:03 C*08:01
sample_072,200,1022,994.406,A*02:01 A*11:01,B*15:02 B*35:01,C*03:03 C*08:01
sample_072,300,1002,974.936,A*02:45 A*11:01,B*15:02 B*35:01,C*03:03 C*08:01
sample_073,100,1569,1526.637,A*02:03 A*11:01,B*54:01 B*56:01,C*01:02 C*04:03
sample_073,200,1634,1589.882,A*02:03 A*11:01,B*54:01 B*56:01,C*01:02 C*04:03
sample_073,300,1616,1572.368,A*02:03 A*11:01,B*54:01 B*56:01,C*01:02 C*04:03
sample_074,100,1050,1031.1,A*24:02 A*24:02,B*35:05 B*40:06,C*03:04 C*04:01
sample_074,200,1075,1055.65,A*24:07 A*24:07,B*35:05 B*40:06,C*03:04 C*04:01
sample_074,300,1033,1005.099,A*23:01 A*24:07,B*35:05 B*40:06,C*03:04 C*04:01
sample_075,100,1256,1244.696,A*02:07 A*29:01,B*15:02 B*15:02,C*08:01 C*08:01
sample_075,200,1220,1209.02,A*02:07 A*29:01,B*15:02 B*15:02,C*08:01 C*08:01
sample_075,300,1246,1234.786,A*02:07 A*29:01,B*15:02 B*15:02,C*08:01 C*08:01
sample_076,100,1590,1547.07,A*24:20 A*33:03,B*15:02 B*58:01,C*03:02 C*08:01
sample_076,200,1636,1591.828,A*24:20 A*33:03,B*15:02 B*58:01,C*03:02 C*08:01
sample_076,300,1621,1577.233,A*24:20 A*33:03,B*15:02 B*58:01,C*03:02 C*08:01
sample_077,100,754,733.6419999999999,A*11:01 A*24:02,B*15:25 B*38:02,C*04:03 C*07:02
sample_077,200,703,684.019,A*11:01 A*24:02,B*15:25 B*38:02,C*04:03 C*07:02
sample_077,300,718,698.604,A*11:01 A*24:02,B*15:25 B*38:02,C*04:03 C*07:02
sample_078,100,1193,1160.789,A*24:02 A*34:01,B*13:01 B*56:01,C*03:04 C*07:02
sample_078,200,1201,1168.573,A*24:02 A*34:01,B*13:01 B*56:01,C*03:04 C*07:02
sample_078,300,1153,1121.869,A*24:02 A*34:01,B*13:01 B*56:01,C*03:04 C*07:02
sample_079,100,902,877.646,A*11:01 A*24:02,B*39:01 B*46:01,C*01:02 C*07:02
sample_079,200,962,936.026,A*11:01 A*24:02,B*39:01 B*46:01,C*01:02 C*07:02
sample_079,300,897,872.781,A*11:01 A*24:02,B*39:01 B*46:01,C*01:02 C*07:02
sample_080,100,496,487.052,A*11:04 A*29:01,B*07:03 B*51:02,C*15:05 C*15:05
sample_080,200,511,501.792,A*11:04 A*29:01,B*07:05 B*51:02,C*15:02 C*15:02
sample_080,300,559,548.928,A*11:04 A*29:01,B*07:05 B*51:02,C*15:05 C*15:05
sample_081,100,1630,1585.99,A*26:01 A*33:03,B*38:02 B*58:01,C*03:02 C*07:02
sample_081,200,1639,1594.747,A*26:01 A*33:03,B*38:02 B*58:01,C*03:02 C*07:02
sample_081,300,1678,1632.694,A*26:01 A*33:03,B*38:02 B*58:01,C*03:02 C*07:02
sample_082,100,1119,1119.0,A*02:07 A*02:07,B*46:01 B*46:01,C*01:02 C*01:02
sample_082,200,1106,1106.0,A*02:07 A*02:07,B*46:01 B*46:01,C*01:02 C*01:02
sample_082,300,1127,1127.0,A*02:07 A*02:07,B*46:01 B*46:01,C*01:02 C*01:02
sample_083,100,1199,1166.627,A*01:01 A*24:07,B*35:05 B*58:01,C*03:02 C*04:01
sample_083,200,1203,1170.519,A*01:01 A*24:07,B*35:05 B*58:01,C*03:02 C*04:01
sample_083,300,1207,1174.411,A*01:01 A*24:07,B*35:05 B*58:01,C*03:02 C*04:01
sample_084,100,710,703.6,A*02:07 A*02:07,B*15:12 B*46:01,C*01:02 C*01:02
sample_084,200,740,733.33,A*02:07 A*02:07,B*15:12 B*46:01,C*01:02 C*01:02
sample_084,300,766,759.096,A*02:07 A*02:07,B*15:12 B*46:01,C*01:02 C*01:02
sample_085,100,749,728.7669999999999,A*11:04 A*29:01,B*07:05 B*46:01,C*01:02 C*15:05
sample_085,200,717,697.621,A*11:04 A*29:01,B*07:05 B*15:68,C*01:02 C*15:05
sample_085,300,740,720.01,A*11:04 A*29:01,B*07:05 B*46:01,C*01:02 C*15:05
sample_086,100,1053,1024.569,A*29:01 A*33:03,B*07:05 B*58:01,C*03:02 C*15:05
sample_086,200,1031,1003.163,A*29:01 A*33:03,B*07:05 B*58:01,C*03:02 C*15:05
sample_086,300,1090,1060.57,A*29:01 A*33:03,B*07:05 B*58:01,C*03:02 C*15:05
sample_087,100,1263,1228.889,A*11:01 A*29:01,B*07:05 B*15:12,C*03:03 C*15:05
sample_087,200,1219,1186.077,A*11:01 A*29:01,B*07:05 B*15:12,C*03:03 C*15:05
sample_087,300,1254,1220.132,A*11:01 A*29:01,B*07:05 B*15:12,C*03:03 C*15:05
sample_088,100,986,959.378,A*02:07 A*33:03,B*46:01 B*58:01,C*01:02 C*03:02
sample_088,200,1015,987.595,A*02:07 A*33:03,B*46:01 B*58:01,C*01:02 C*03:02
sample_088,300,952,926.296,A*02:07 A*33:03,B*46:01 B*58:01,C*01:02 C*03:02
sample_089,100,1319,1283.387,A*02:03 A*24:02,B*15:02 B*38:02,C*07:02 C*08:01
sample_089,200,1216,1183.168,A*02:03 A*24:02,B*15:02 B*38:02,C*07:02 C*08:01
sample_089,300,1336,1299.928,A*02:03 A*24:02,B*15:02 B*38:02,C*07:02 C*08:01
sample_090,100,1234,1200.682,A*11:01 A*24:02,B*13:01 B*52:01,C*03:04 C*07:02
sample_090,200,1174,1142.302,A*11:01 A*24:02,B*13:01 B*52:01,C*03:04 C*07:02
sample_090,300,1269,1234.737,A*11:01 A*24:02,B*13:01 B*52:01,C*03:04 C*07:02
sample_091,100,1468,1428.364,A*24:02 A*33:03,B*40:06 B*58:01,C*03:02 C*08:01
sample_091,200,1494,1453.662,A*24:02 A*33:03,B*40:06 B*58:01,C*03:02 C*08:01
sample_091,300,1437,1398.201,A*24:02 A*33:03,B*40:06 B*58:01,C*03:02 C*08:01
sample_092,100,877,861.204,A*11:02 A*11:02,B*15:02 B*15:35,C*07:02 C*08:01
sample_092,200,857,841.564,A*11:02 A*11:02,B*15:02 B*15:35,C*07:02 C*08:01
sample_092,300,840,824.87,A*11:02 A*11:02,B*15:02 B*15:35,C*07:02 C*08:01
sample_093,100,1158,1126.734,A*11:01 A*34:01,B*40:01 B*56:01,C*04:03 C*07:02
sample_093,200,1075,1045.975,A*11:01 A*34:01,B*40:01 B*56:01,C*04:03 C*07:02
sample_093,300,1110,1080.02,A*11:10 A*34:01,B*40:01 B*56:01,C*04:03 C*07:02
sample_094,100,658,640.224,A*02:07 A*11:19,B*15:02 B*46:01,C*01:02 C*08:01
sample_094,200,634,616.882,A*02:07 A*11:01,B*15:02 B*46:01,C*01:02 C*08:01
sample_094,300,659,641.207,A*02:07 A*11:01,B*15:02 B*46:01,C*01:02 C*08:01
sample_095,100,2099,2042.327,A*02:07 A*24:02,B*27:06 B*58:01,C*03:02 C*03:04
sample_095,200,2000,1946.0,A*02:07 A*24:02,B*27:06 B*58:01,C*03:02 C*03:04
sample_095,300,2017,1962.541,A*02:07 A*24:02,B*27:06 B*58:01,C*03:02 C*03:04
sample_096,100,567,551.691,A*29:01 A*33:03,B*07:05 B*58:01,C*03:02 C*15:05
sample_096,200,508,494.284,A*29:01 A*33:03,B*07:05 B*58:01,C*03:02 C*15:05
sample_096,300,561,545.843,A*29:01 A*33:03,B*07:05 B*48:02,C*03:02 C*15:05
sample_097,100,566,550.718,A*02:07 A*24:02,B*46:01 B*51:01,C*01:02 C*14:02
sample_097,200,572,556.556,A*02:07 A*24:02,B*46:01 B*51:01,C*01:02 C*14:02
sample_097,300,566,550.718,A*02:07 A*24:02,B*46:01 B*51:01,C*01:02 C*14:02
sample_098,100,751,730.723,A*11:01 A*24:02,B*48:01 B*54:01,C*07:02 C*08:03
sample_098,200,719,699.587,A*11:01 A*24:20,B*48:01 B*54:01,C*07:02 C*08:03
sample_098,300,764,743.372,A*11:01 A*24:20,B*48:01 B*54:01,C*07:02 C*08:03
sample_099,100,789,774.788,A*33:03 A*33:03,B*39:09 B*58:01,C*03:02 C*07:02
sample_099,200,778,763.986,A*33:03 A*33:03,B*39:09 B*58:01,C*03:02 C*07:02
sample_099,300,804,789.518,A*33:03 A*33:03,B*39:09 B*58:01,C*03:02 C*07:02
sample_100,100,653,635.369,A*03:02 A*24:07,B*15:02 B*38:02,C*06:02 C*08:01
sample_100,200,661,643.153,A*03:02 A*24:07,B*15:02 B*38:02,C*06:02 C*08:01
sample_100,300,594,577.952,A*03:02 A*24:07,B*15:02 B*38:02,C*06:03 C*08:01
sample_101,100,810,788.13,A*11:01 A*24:02,B*15:02 B*58:01,C*03:02 C*07:02
sample_101,200,835,812.455,A*11:01 A*24:02,B*15:02 B*58:01,C*03:02 C*07:02
sample_101,300,824,801.752,A*11:01 A*24:02,B*15:02 B*58:01,C*03:02 C*07:02
