A*01:01:01	0.01485
A*02:01:01	0.02970
A*02:03:01	0.07426
A*02:03:02	0.00495
A*02:06:01	0.02970
A*02:07:01	0.09901
A*03:01:01	0.00495
A*03:02:01	0.00990
A*11:01:01	0.22772
A*11:02:01	0.02475
A*11:04	0.00990
A*24:02:01	0.12871
A*24:02:13	0.00495
A*24:02:40	0.00495
A*24:03:01	0.00990
A*24:07:01	0.02970
A*24:10:01	0.00495
A*24:20	0.01485
A*26:01:01	0.01980
A*29:01:01	0.08416
A*30:01:01	0.00495
A*31:01:02	0.01485
A*32:01:01	0.00495
A*33:01:01	0.00990
A*33:03:01	0.10891
A*34:01:01	0.01485
A*68:01:02	0.00495
A*74:02:01	0.00495
B*07:02:01	0.01980
B*07:05:01	0.06931
B*08:01:01	0.00495
B*13:01:01	0.02970
B*13:02:01	0.00990
B*15:01:01	0.00990
B*15:02:01	0.11881
B*15:11:01	0.00495
B*15:12	0.01485
B*15:13:01	0.00495
B*15:17:01	0.00495
B*15:25:01	0.05446
B*15:27:01	0.00495
B*15:35	0.00990
B*18:01:01	0.00990
B*18:02	0.00495
B*27:06	0.01980
B*35:01:01	0.01980
B*35:03:01	0.00495
B*35:05:01	0.03465
B*37:01:01	0.00495
B*38:02:01	0.07921
B*39:01:01	0.01980
B*39:09:01	0.00495
B*40:01:02	0.07921
B*40:02:01	0.00495
B*40:06:01	0.01980
B*44:03:02	0.00990
B*46:01:01	0.09406
B*48:01:01	0.01485
B*51:01:01	0.01980
B*51:02:01	0.01485
B*51:06:01	0.00495
B*52:01:01	0.01980
B*54:01:01	0.01485
B*55:02:01	0.01980
B*55:18	0.00495
B*56:01:01	0.01485
B*56:04	0.00990
B*57:01:01	0.00495
B*58:01:01	0.08416
C*01:02:01	0.13366
C*03:02:02	0.08911
C*03:03:01	0.04455
C*03:04:01	0.07426
C*03:04:02	0.00495
C*03:17	0.00495
C*04:01:01	0.04950
C*04:03:01	0.07426
C*04:82	0.00495
C*06:02:01	0.01980
C*07:01:01	0.00495
C*07:01:02	0.00495
C*07:02:01	0.21782
C*07:04:01	0.00990
C*07:06	0.00495
C*08:01:01	0.12871
C*08:03:01	0.00990
C*12:02:02	0.01485
C*14:02:01	0.01980
C*15:02:01	0.01485
C*15:05:02	0.06931
