SRR11212874	ftp.sra.ebi.ac.uk/vol1/fastq/SRR112/074/SRR11212874/SRR11212874_1.fastq.gz;ftp.sra.ebi.ac.uk/vol1/fastq/SRR112/074/SRR11212874/SRR11212874_2.fastq.gz	61420421;61197499	765119
SRR11212875	ftp.sra.ebi.ac.uk/vol1/fastq/SRR112/075/SRR11212875/SRR11212875_1.fastq.gz;ftp.sra.ebi.ac.uk/vol1/fastq/SRR112/075/SRR11212875/SRR11212875_2.fastq.gz	48589912;48910563	603077
SRR11212876	ftp.sra.ebi.ac.uk/vol1/fastq/SRR112/076/SRR11212876/SRR11212876_1.fastq.gz;ftp.sra.ebi.ac.uk/vol1/fastq/SRR112/076/SRR11212876/SRR11212876_2.fastq.gz	61463264;61406051	761128
SRR11212877	ftp.sra.ebi.ac.uk/vol1/fastq/SRR112/077/SRR11212877/SRR11212877_1.fastq.gz;ftp.sra.ebi.ac.uk/vol1/fastq/SRR112/077/SRR11212877/SRR11212877_2.fastq.gz	53760505;53442517	668670
SRR11212878	ftp.sra.ebi.ac.uk/vol1/fastq/SRR112/078/SRR11212878/SRR11212878_1.fastq.gz;ftp.sra.ebi.ac.uk/vol1/fastq/SRR112/078/SRR11212878/SRR11212878_2.fastq.gz	16273178;16214529	214210
SRR11212879	ftp.sra.ebi.ac.uk/vol1/fastq/SRR112/079/SRR11212879/SRR11212879_1.fastq.gz;ftp.sra.ebi.ac.uk/vol1/fastq/SRR112/079/SRR11212879/SRR11212879_2.fastq.gz	26492501;26872193	329779
SRR11212880	ftp.sra.ebi.ac.uk/vol1/fastq/SRR112/080/SRR11212880/SRR11212880_1.fastq.gz;ftp.sra.ebi.ac.uk/vol1/fastq/SRR112/080/SRR11212880/SRR11212880_2.fastq.gz	21284203;21346893	264620
SRR11212881	ftp.sra.ebi.ac.uk/vol1/fastq/SRR112/081/SRR11212881/SRR11212881_1.fastq.gz;ftp.sra.ebi.ac.uk/vol1/fastq/SRR112/081/SRR11212881/SRR11212881_2.fastq.gz	65695009;67556624	889240
SRR11212882	ftp.sra.ebi.ac.uk/vol1/fastq/SRR112/082/SRR11212882/SRR11212882_1.fastq.gz;ftp.sra.ebi.ac.uk/vol1/fastq/SRR112/082/SRR11212882/SRR11212882_2.fastq.gz	13603840;13764090	167111
SRR11212883	ftp.sra.ebi.ac.uk/vol1/fastq/SRR112/083/SRR11212883/SRR11212883_1.fastq.gz;ftp.sra.ebi.ac.uk/vol1/fastq/SRR112/083/SRR11212883/SRR11212883_2.fastq.gz	46518692;47073879	622841
SRR11212884	ftp.sra.ebi.ac.uk/vol1/fastq/SRR112/084/SRR11212884/SRR11212884_1.fastq.gz;ftp.sra.ebi.ac.uk/vol1/fastq/SRR112/084/SRR11212884/SRR11212884_2.fastq.gz	26736861;26908674	333038
SRR11212885	ftp.sra.ebi.ac.uk/vol1/fastq/SRR112/085/SRR11212885/SRR11212885_1.fastq.gz;ftp.sra.ebi.ac.uk/vol1/fastq/SRR112/085/SRR11212885/SRR11212885_2.fastq.gz	68971136;71404051	904494
SRR11212886	ftp.sra.ebi.ac.uk/vol1/fastq/SRR112/086/SRR11212886/SRR11212886_1.fastq.gz;ftp.sra.ebi.ac.uk/vol1/fastq/SRR112/086/SRR11212886/SRR11212886_2.fastq.gz	79001954;81445400	1031076
SRR11212887	ftp.sra.ebi.ac.uk/vol1/fastq/SRR112/087/SRR11212887/SRR11212887_1.fastq.gz;ftp.sra.ebi.ac.uk/vol1/fastq/SRR112/087/SRR11212887/SRR11212887_2.fastq.gz	33709345;33070231	423962
SRR11212888	ftp.sra.ebi.ac.uk/vol1/fastq/SRR112/088/SRR11212888/SRR11212888_1.fastq.gz;ftp.sra.ebi.ac.uk/vol1/fastq/SRR112/088/SRR11212888/SRR11212888_2.fastq.gz	34139028;33981553	425915
SRR11212889	ftp.sra.ebi.ac.uk/vol1/fastq/SRR112/089/SRR11212889/SRR11212889_1.fastq.gz;ftp.sra.ebi.ac.uk/vol1/fastq/SRR112/089/SRR11212889/SRR11212889_2.fastq.gz	55761941;54959914	689441
SRR11212890	ftp.sra.ebi.ac.uk/vol1/fastq/SRR112/090/SRR11212890/SRR11212890_1.fastq.gz;ftp.sra.ebi.ac.uk/vol1/fastq/SRR112/090/SRR11212890/SRR11212890_2.fastq.gz	48799282;47914775	608261
SRR11212891	ftp.sra.ebi.ac.uk/vol1/fastq/SRR112/091/SRR11212891/SRR11212891_1.fastq.gz;ftp.sra.ebi.ac.uk/vol1/fastq/SRR112/091/SRR11212891/SRR11212891_2.fastq.gz	59403508;58675874	737936
SRR11212892	ftp.sra.ebi.ac.uk/vol1/fastq/SRR112/092/SRR11212892/SRR11212892_1.fastq.gz;ftp.sra.ebi.ac.uk/vol1/fastq/SRR112/092/SRR11212892/SRR11212892_2.fastq.gz	80627573;82045317	1072769
SRR11212893	ftp.sra.ebi.ac.uk/vol1/fastq/SRR112/093/SRR11212893/SRR11212893_1.fastq.gz;ftp.sra.ebi.ac.uk/vol1/fastq/SRR112/093/SRR11212893/SRR11212893_2.fastq.gz	99695242;102591018	1337776
SRR11212894	ftp.sra.ebi.ac.uk/vol1/fastq/SRR112/094/SRR11212894/SRR11212894_1.fastq.gz;ftp.sra.ebi.ac.uk/vol1/fastq/SRR112/094/SRR11212894/SRR11212894_2.fastq.gz	27978216;28429510	373141
SRR11212895	ftp.sra.ebi.ac.uk/vol1/fastq/SRR112/095/SRR11212895/SRR11212895_1.fastq.gz;ftp.sra.ebi.ac.uk/vol1/fastq/SRR112/095/SRR11212895/SRR11212895_2.fastq.gz	88303590;90087782	1187827
SRR11212896	ftp.sra.ebi.ac.uk/vol1/fastq/SRR112/096/SRR11212896/SRR11212896_1.fastq.gz;ftp.sra.ebi.ac.uk/vol1/fastq/SRR112/096/SRR11212896/SRR11212896_2.fastq.gz	116682794;118793511	1553419
SRR11212897	ftp.sra.ebi.ac.uk/vol1/fastq/SRR112/097/SRR11212897/SRR11212897_1.fastq.gz;ftp.sra.ebi.ac.uk/vol1/fastq/SRR112/097/SRR11212897/SRR11212897_2.fastq.gz	80383979;81931941	1064280
SRR11212898	ftp.sra.ebi.ac.uk/vol1/fastq/SRR112/098/SRR11212898/SRR11212898_1.fastq.gz;ftp.sra.ebi.ac.uk/vol1/fastq/SRR112/098/SRR11212898/SRR11212898_2.fastq.gz	39329033;40497869	619438
SRR11212899	ftp.sra.ebi.ac.uk/vol1/fastq/SRR112/099/SRR11212899/SRR11212899_1.fastq.gz;ftp.sra.ebi.ac.uk/vol1/fastq/SRR112/099/SRR11212899/SRR11212899_2.fastq.gz	28215312;28782345	448378
SRR11212900	ftp.sra.ebi.ac.uk/vol1/fastq/SRR112/000/SRR11212900/SRR11212900_1.fastq.gz;ftp.sra.ebi.ac.uk/vol1/fastq/SRR112/000/SRR11212900/SRR11212900_2.fastq.gz	15576714;15969573	248229
SRR11212901	ftp.sra.ebi.ac.uk/vol1/fastq/SRR112/001/SRR11212901/SRR11212901_1.fastq.gz;ftp.sra.ebi.ac.uk/vol1/fastq/SRR112/001/SRR11212901/SRR11212901_2.fastq.gz	33210149;34327135	536235
SRR11212902	ftp.sra.ebi.ac.uk/vol1/fastq/SRR112/002/SRR11212902/SRR11212902_1.fastq.gz;ftp.sra.ebi.ac.uk/vol1/fastq/SRR112/002/SRR11212902/SRR11212902_2.fastq.gz	18519816;19059978	294593
SRR11212903	ftp.sra.ebi.ac.uk/vol1/fastq/SRR112/003/SRR11212903/SRR11212903_1.fastq.gz;ftp.sra.ebi.ac.uk/vol1/fastq/SRR112/003/SRR11212903/SRR11212903_2.fastq.gz	39736151;41404194	511692
SRR11212904	ftp.sra.ebi.ac.uk/vol1/fastq/SRR112/004/SRR11212904/SRR11212904_1.fastq.gz;ftp.sra.ebi.ac.uk/vol1/fastq/SRR112/004/SRR11212904/SRR11212904_2.fastq.gz	63179105;66461816	830340
SRR11212905	ftp.sra.ebi.ac.uk/vol1/fastq/SRR112/005/SRR11212905/SRR11212905_1.fastq.gz;ftp.sra.ebi.ac.uk/vol1/fastq/SRR112/005/SRR11212905/SRR11212905_2.fastq.gz	47194066;48298502	642908
SRR11212906	ftp.sra.ebi.ac.uk/vol1/fastq/SRR112/006/SRR11212906/SRR11212906_1.fastq.gz;ftp.sra.ebi.ac.uk/vol1/fastq/SRR112/006/SRR11212906/SRR11212906_2.fastq.gz	46601771;47747219	627526
SRR11212907	ftp.sra.ebi.ac.uk/vol1/fastq/SRR112/007/SRR11212907/SRR11212907_1.fastq.gz;ftp.sra.ebi.ac.uk/vol1/fastq/SRR112/007/SRR11212907/SRR11212907_2.fastq.gz	34073537;34918236	442186
SRR11212908	ftp.sra.ebi.ac.uk/vol1/fastq/SRR112/008/SRR11212908/SRR11212908_1.fastq.gz;ftp.sra.ebi.ac.uk/vol1/fastq/SRR112/008/SRR11212908/SRR11212908_2.fastq.gz	34629045;36011270	453242
SRR11212909	ftp.sra.ebi.ac.uk/vol1/fastq/SRR112/009/SRR11212909/SRR11212909_1.fastq.gz;ftp.sra.ebi.ac.uk/vol1/fastq/SRR112/009/SRR11212909/SRR11212909_2.fastq.gz	72420263;74297394	956195
SRR11212910	ftp.sra.ebi.ac.uk/vol1/fastq/SRR112/010/SRR11212910/SRR11212910_1.fastq.gz;ftp.sra.ebi.ac.uk/vol1/fastq/SRR112/010/SRR11212910/SRR11212910_2.fastq.gz	41074391;42054042	537783
SRR11212911	ftp.sra.ebi.ac.uk/vol1/fastq/SRR112/011/SRR11212911/SRR11212911_1.fastq.gz;ftp.sra.ebi.ac.uk/vol1/fastq/SRR112/011/SRR11212911/SRR11212911_2.fastq.gz	6259223;6610619	96030
SRR11212912	ftp.sra.ebi.ac.uk/vol1/fastq/SRR112/012/SRR11212912/SRR11212912_1.fastq.gz;ftp.sra.ebi.ac.uk/vol1/fastq/SRR112/012/SRR11212912/SRR11212912_2.fastq.gz	13480526;13461430	187285
SRR11212913	ftp.sra.ebi.ac.uk/vol1/fastq/SRR112/013/SRR11212913/SRR11212913_1.fastq.gz;ftp.sra.ebi.ac.uk/vol1/fastq/SRR112/013/SRR11212913/SRR11212913_2.fastq.gz	13731405;13937988	184690
SRR11212914	ftp.sra.ebi.ac.uk/vol1/fastq/SRR112/014/SRR11212914/SRR11212914_1.fastq.gz;ftp.sra.ebi.ac.uk/vol1/fastq/SRR112/014/SRR11212914/SRR11212914_2.fastq.gz	14449435;14786819	195586
SRR11212915	ftp.sra.ebi.ac.uk/vol1/fastq/SRR112/015/SRR11212915/SRR11212915_1.fastq.gz;ftp.sra.ebi.ac.uk/vol1/fastq/SRR112/015/SRR11212915/SRR11212915_2.fastq.gz	26380750;26639626	360610
SRR11212916	ftp.sra.ebi.ac.uk/vol1/fastq/SRR112/016/SRR11212916/SRR11212916_1.fastq.gz;ftp.sra.ebi.ac.uk/vol1/fastq/SRR112/016/SRR11212916/SRR11212916_2.fastq.gz	19909032;20586149	316257
SRR11212917	ftp.sra.ebi.ac.uk/vol1/fastq/SRR112/017/SRR11212917/SRR11212917_1.fastq.gz;ftp.sra.ebi.ac.uk/vol1/fastq/SRR112/017/SRR11212917/SRR11212917_2.fastq.gz	41822655;42500519	563044
SRR11212918	ftp.sra.ebi.ac.uk/vol1/fastq/SRR112/018/SRR11212918/SRR11212918_1.fastq.gz;ftp.sra.ebi.ac.uk/vol1/fastq/SRR112/018/SRR11212918/SRR11212918_2.fastq.gz	52512715;53240925	708703
SRR11212919	ftp.sra.ebi.ac.uk/vol1/fastq/SRR112/019/SRR11212919/SRR11212919_1.fastq.gz;ftp.sra.ebi.ac.uk/vol1/fastq/SRR112/019/SRR11212919/SRR11212919_2.fastq.gz	22708294;23277422	309924
SRR11212920	ftp.sra.ebi.ac.uk/vol1/fastq/SRR112/020/SRR11212920/SRR11212920_1.fastq.gz;ftp.sra.ebi.ac.uk/vol1/fastq/SRR112/020/SRR11212920/SRR11212920_2.fastq.gz	25717724;26561058	410971
SRR11212921	ftp.sra.ebi.ac.uk/vol1/fastq/SRR112/021/SRR11212921/SRR11212921_1.fastq.gz;ftp.sra.ebi.ac.uk/vol1/fastq/SRR112/021/SRR11212921/SRR11212921_2.fastq.gz	38002754;38694950	509891
SRR11212922	ftp.sra.ebi.ac.uk/vol1/fastq/SRR112/022/SRR11212922/SRR11212922_1.fastq.gz;ftp.sra.ebi.ac.uk/vol1/fastq/SRR112/022/SRR11212922/SRR11212922_2.fastq.gz	42681739;43452959	576124
SRR11212923	ftp.sra.ebi.ac.uk/vol1/fastq/SRR112/023/SRR11212923/SRR11212923_1.fastq.gz;ftp.sra.ebi.ac.uk/vol1/fastq/SRR112/023/SRR11212923/SRR11212923_2.fastq.gz	25671146;26527409	404687
SRR11212924	ftp.sra.ebi.ac.uk/vol1/fastq/SRR112/024/SRR11212924/SRR11212924_1.fastq.gz;ftp.sra.ebi.ac.uk/vol1/fastq/SRR112/024/SRR11212924/SRR11212924_2.fastq.gz	71116304;72507904	968560
SRR11212925	ftp.sra.ebi.ac.uk/vol1/fastq/SRR112/025/SRR11212925/SRR11212925_1.fastq.gz;ftp.sra.ebi.ac.uk/vol1/fastq/SRR112/025/SRR11212925/SRR11212925_2.fastq.gz	19759573;20234017	264665
SRR11212926	ftp.sra.ebi.ac.uk/vol1/fastq/SRR112/026/SRR11212926/SRR11212926_1.fastq.gz;ftp.sra.ebi.ac.uk/vol1/fastq/SRR112/026/SRR11212926/SRR11212926_2.fastq.gz	36410992;37563184	501838
SRR11212927	ftp.sra.ebi.ac.uk/vol1/fastq/SRR112/027/SRR11212927/SRR11212927_1.fastq.gz;ftp.sra.ebi.ac.uk/vol1/fastq/SRR112/027/SRR11212927/SRR11212927_2.fastq.gz	25832515;26627898	332725
SRR11212928	ftp.sra.ebi.ac.uk/vol1/fastq/SRR112/028/SRR11212928/SRR11212928_1.fastq.gz;ftp.sra.ebi.ac.uk/vol1/fastq/SRR112/028/SRR11212928/SRR11212928_2.fastq.gz	76115399;78354372	1036383
SRR11212929	ftp.sra.ebi.ac.uk/vol1/fastq/SRR112/029/SRR11212929/SRR11212929_1.fastq.gz;ftp.sra.ebi.ac.uk/vol1/fastq/SRR112/029/SRR11212929/SRR11212929_2.fastq.gz	17097471;17773005	224411
SRR11212930	ftp.sra.ebi.ac.uk/vol1/fastq/SRR112/030/SRR11212930/SRR11212930_1.fastq.gz;ftp.sra.ebi.ac.uk/vol1/fastq/SRR112/030/SRR11212930/SRR11212930_2.fastq.gz	19858792;20421136	260814
SRR11212931	ftp.sra.ebi.ac.uk/vol1/fastq/SRR112/031/SRR11212931/SRR11212931_1.fastq.gz;ftp.sra.ebi.ac.uk/vol1/fastq/SRR112/031/SRR11212931/SRR11212931_2.fastq.gz	27697896;28792532	363287
SRR11212932	ftp.sra.ebi.ac.uk/vol1/fastq/SRR112/032/SRR11212932/SRR11212932_1.fastq.gz;ftp.sra.ebi.ac.uk/vol1/fastq/SRR112/032/SRR11212932/SRR11212932_2.fastq.gz	12963101;13421198	168763
SRR11212933	ftp.sra.ebi.ac.uk/vol1/fastq/SRR112/033/SRR11212933/SRR11212933_1.fastq.gz;ftp.sra.ebi.ac.uk/vol1/fastq/SRR112/033/SRR11212933/SRR11212933_2.fastq.gz	27161433;27962482	351804
SRR11212934	ftp.sra.ebi.ac.uk/vol1/fastq/SRR112/034/SRR11212934/SRR11212934_1.fastq.gz;ftp.sra.ebi.ac.uk/vol1/fastq/SRR112/034/SRR11212934/SRR11212934_2.fastq.gz	55916407;56546420	748780
SRR11212935	ftp.sra.ebi.ac.uk/vol1/fastq/SRR112/035/SRR11212935/SRR11212935_1.fastq.gz;ftp.sra.ebi.ac.uk/vol1/fastq/SRR112/035/SRR11212935/SRR11212935_2.fastq.gz	21979742;22028701	297885
SRR11212936	ftp.sra.ebi.ac.uk/vol1/fastq/SRR112/036/SRR11212936/SRR11212936_1.fastq.gz;ftp.sra.ebi.ac.uk/vol1/fastq/SRR112/036/SRR11212936/SRR11212936_2.fastq.gz	41323583;41765000	557564
SRR11212937	ftp.sra.ebi.ac.uk/vol1/fastq/SRR112/037/SRR11212937/SRR11212937_1.fastq.gz;ftp.sra.ebi.ac.uk/vol1/fastq/SRR112/037/SRR11212937/SRR11212937_2.fastq.gz	54660701;55918463	738724
SRR11212938	ftp.sra.ebi.ac.uk/vol1/fastq/SRR112/038/SRR11212938/SRR11212938_1.fastq.gz;ftp.sra.ebi.ac.uk/vol1/fastq/SRR112/038/SRR11212938/SRR11212938_2.fastq.gz	88174353;92133149	1146436
SRR11212939	ftp.sra.ebi.ac.uk/vol1/fastq/SRR112/039/SRR11212939/SRR11212939_1.fastq.gz;ftp.sra.ebi.ac.uk/vol1/fastq/SRR112/039/SRR11212939/SRR11212939_2.fastq.gz	83592182;88077454	1092029
SRR11212940	ftp.sra.ebi.ac.uk/vol1/fastq/SRR112/040/SRR11212940/SRR11212940_1.fastq.gz;ftp.sra.ebi.ac.uk/vol1/fastq/SRR112/040/SRR11212940/SRR11212940_2.fastq.gz	91722879;95758203	1206353
SRR11212941	ftp.sra.ebi.ac.uk/vol1/fastq/SRR112/041/SRR11212941/SRR11212941_1.fastq.gz;ftp.sra.ebi.ac.uk/vol1/fastq/SRR112/041/SRR11212941/SRR11212941_2.fastq.gz	108609833;112716451	1414168
SRR11212942	ftp.sra.ebi.ac.uk/vol1/fastq/SRR112/042/SRR11212942/SRR11212942_1.fastq.gz;ftp.sra.ebi.ac.uk/vol1/fastq/SRR112/042/SRR11212942/SRR11212942_2.fastq.gz	23658969;24626527	304385
SRR11212943	ftp.sra.ebi.ac.uk/vol1/fastq/SRR112/043/SRR11212943/SRR11212943_1.fastq.gz;ftp.sra.ebi.ac.uk/vol1/fastq/SRR112/043/SRR11212943/SRR11212943_2.fastq.gz	42646547;44812558	556838
SRR11212944	ftp.sra.ebi.ac.uk/vol1/fastq/SRR112/044/SRR11212944/SRR11212944_1.fastq.gz;ftp.sra.ebi.ac.uk/vol1/fastq/SRR112/044/SRR11212944/SRR11212944_2.fastq.gz	11347418;11804195	149045
SRR11212945	ftp.sra.ebi.ac.uk/vol1/fastq/SRR112/045/SRR11212945/SRR11212945_1.fastq.gz;ftp.sra.ebi.ac.uk/vol1/fastq/SRR112/045/SRR11212945/SRR11212945_2.fastq.gz	32133715;33836539	412871
SRR11212946	ftp.sra.ebi.ac.uk/vol1/fastq/SRR112/046/SRR11212946/SRR11212946_1.fastq.gz;ftp.sra.ebi.ac.uk/vol1/fastq/SRR112/046/SRR11212946/SRR11212946_2.fastq.gz	39263224;41248190	509954
SRR11212947	ftp.sra.ebi.ac.uk/vol1/fastq/SRR112/047/SRR11212947/SRR11212947_1.fastq.gz;ftp.sra.ebi.ac.uk/vol1/fastq/SRR112/047/SRR11212947/SRR11212947_2.fastq.gz	26736669;27853578	342903
SRR11212948	ftp.sra.ebi.ac.uk/vol1/fastq/SRR112/048/SRR11212948/SRR11212948_1.fastq.gz;ftp.sra.ebi.ac.uk/vol1/fastq/SRR112/048/SRR11212948/SRR11212948_2.fastq.gz	35419989;36151767	478467
SRR11212949	ftp.sra.ebi.ac.uk/vol1/fastq/SRR112/049/SRR11212949/SRR11212949_1.fastq.gz;ftp.sra.ebi.ac.uk/vol1/fastq/SRR112/049/SRR11212949/SRR11212949_2.fastq.gz	98034230;100652526	1274716
SRR11212950	ftp.sra.ebi.ac.uk/vol1/fastq/SRR112/050/SRR11212950/SRR11212950_1.fastq.gz;ftp.sra.ebi.ac.uk/vol1/fastq/SRR112/050/SRR11212950/SRR11212950_2.fastq.gz	199235335;202779071	2624329
SRR11212951	ftp.sra.ebi.ac.uk/vol1/fastq/SRR112/051/SRR11212951/SRR11212951_1.fastq.gz;ftp.sra.ebi.ac.uk/vol1/fastq/SRR112/051/SRR11212951/SRR11212951_2.fastq.gz	97878635;100300297	1295282
SRR11212952	ftp.sra.ebi.ac.uk/vol1/fastq/SRR112/052/SRR11212952/SRR11212952_1.fastq.gz;ftp.sra.ebi.ac.uk/vol1/fastq/SRR112/052/SRR11212952/SRR11212952_2.fastq.gz	170753562;177489313	2242469
SRR11212953	ftp.sra.ebi.ac.uk/vol1/fastq/SRR112/053/SRR11212953/SRR11212953_1.fastq.gz;ftp.sra.ebi.ac.uk/vol1/fastq/SRR112/053/SRR11212953/SRR11212953_2.fastq.gz	164391139;169142720	2190453
SRR11212954	ftp.sra.ebi.ac.uk/vol1/fastq/SRR112/054/SRR11212954/SRR11212954_1.fastq.gz;ftp.sra.ebi.ac.uk/vol1/fastq/SRR112/054/SRR11212954/SRR11212954_2.fastq.gz	107696560;110298145	1447403
SRR11212955	ftp.sra.ebi.ac.uk/vol1/fastq/SRR112/055/SRR11212955/SRR11212955_1.fastq.gz;ftp.sra.ebi.ac.uk/vol1/fastq/SRR112/055/SRR11212955/SRR11212955_2.fastq.gz	130635143;134572606	1727548
SRR11212956	ftp.sra.ebi.ac.uk/vol1/fastq/SRR112/056/SRR11212956/SRR11212956_1.fastq.gz;ftp.sra.ebi.ac.uk/vol1/fastq/SRR112/056/SRR11212956/SRR11212956_2.fastq.gz	115073464;119886080	1529971
SRR11212957	ftp.sra.ebi.ac.uk/vol1/fastq/SRR112/057/SRR11212957/SRR11212957_1.fastq.gz;ftp.sra.ebi.ac.uk/vol1/fastq/SRR112/057/SRR11212957/SRR11212957_2.fastq.gz	151229097;156840695	1990659
SRR11212958	ftp.sra.ebi.ac.uk/vol1/fastq/SRR112/058/SRR11212958/SRR11212958_1.fastq.gz;ftp.sra.ebi.ac.uk/vol1/fastq/SRR112/058/SRR11212958/SRR11212958_2.fastq.gz	66772036;69397139	898467
SRR11212959	ftp.sra.ebi.ac.uk/vol1/fastq/SRR112/059/SRR11212959/SRR11212959_1.fastq.gz;ftp.sra.ebi.ac.uk/vol1/fastq/SRR112/059/SRR11212959/SRR11212959_2.fastq.gz	42205534;43219300	578349
SRR11212960	ftp.sra.ebi.ac.uk/vol1/fastq/SRR112/060/SRR11212960/SRR11212960_1.fastq.gz;ftp.sra.ebi.ac.uk/vol1/fastq/SRR112/060/SRR11212960/SRR11212960_2.fastq.gz	212805399;220465376	2872506
SRR11212961	ftp.sra.ebi.ac.uk/vol1/fastq/SRR112/061/SRR11212961/SRR11212961_1.fastq.gz;ftp.sra.ebi.ac.uk/vol1/fastq/SRR112/061/SRR11212961/SRR11212961_2.fastq.gz	114364333;117894823	1507487
SRR11212962	ftp.sra.ebi.ac.uk/vol1/fastq/SRR112/062/SRR11212962/SRR11212962_1.fastq.gz;ftp.sra.ebi.ac.uk/vol1/fastq/SRR112/062/SRR11212962/SRR11212962_2.fastq.gz	78538374;80475612	1056591
SRR11212963	ftp.sra.ebi.ac.uk/vol1/fastq/SRR112/063/SRR11212963/SRR11212963_1.fastq.gz;ftp.sra.ebi.ac.uk/vol1/fastq/SRR112/063/SRR11212963/SRR11212963_2.fastq.gz	52227606;53343871	694594
SRR11212964	ftp.sra.ebi.ac.uk/vol1/fastq/SRR112/064/SRR11212964/SRR11212964_1.fastq.gz;ftp.sra.ebi.ac.uk/vol1/fastq/SRR112/064/SRR11212964/SRR11212964_2.fastq.gz	31015492;31961928	492892
SRR11212965	ftp.sra.ebi.ac.uk/vol1/fastq/SRR112/065/SRR11212965/SRR11212965_1.fastq.gz;ftp.sra.ebi.ac.uk/vol1/fastq/SRR112/065/SRR11212965/SRR11212965_2.fastq.gz	22749796;23531345	364285
SRR11212966	ftp.sra.ebi.ac.uk/vol1/fastq/SRR112/066/SRR11212966/SRR11212966_1.fastq.gz;ftp.sra.ebi.ac.uk/vol1/fastq/SRR112/066/SRR11212966/SRR11212966_2.fastq.gz	62648266;64476155	838172
SRR11212967	ftp.sra.ebi.ac.uk/vol1/fastq/SRR112/067/SRR11212967/SRR11212967_1.fastq.gz;ftp.sra.ebi.ac.uk/vol1/fastq/SRR112/067/SRR11212967/SRR11212967_2.fastq.gz	54369126;55633760	725311
SRR11212968	ftp.sra.ebi.ac.uk/vol1/fastq/SRR112/068/SRR11212968/SRR11212968_1.fastq.gz;ftp.sra.ebi.ac.uk/vol1/fastq/SRR112/068/SRR11212968/SRR11212968_2.fastq.gz	66326610;67854065	864761
SRR11212969	ftp.sra.ebi.ac.uk/vol1/fastq/SRR112/069/SRR11212969/SRR11212969_1.fastq.gz;ftp.sra.ebi.ac.uk/vol1/fastq/SRR112/069/SRR11212969/SRR11212969_2.fastq.gz	61597303;63380829	811156
SRR11212970	ftp.sra.ebi.ac.uk/vol1/fastq/SRR112/070/SRR11212970/SRR11212970_1.fastq.gz;ftp.sra.ebi.ac.uk/vol1/fastq/SRR112/070/SRR11212970/SRR11212970_2.fastq.gz	51703980;53840525	681402
SRR11212971	ftp.sra.ebi.ac.uk/vol1/fastq/SRR112/071/SRR11212971/SRR11212971_1.fastq.gz;ftp.sra.ebi.ac.uk/vol1/fastq/SRR112/071/SRR11212971/SRR11212971_2.fastq.gz	42527732;42455280	506171
SRR11212972	ftp.sra.ebi.ac.uk/vol1/fastq/SRR112/072/SRR11212972/SRR11212972_1.fastq.gz;ftp.sra.ebi.ac.uk/vol1/fastq/SRR112/072/SRR11212972/SRR11212972_2.fastq.gz	44632636;45517312	592857
SRR11212973	ftp.sra.ebi.ac.uk/vol1/fastq/SRR112/073/SRR11212973/SRR11212973_1.fastq.gz;ftp.sra.ebi.ac.uk/vol1/fastq/SRR112/073/SRR11212973/SRR11212973_2.fastq.gz	67108337;68564955	909827
SRR11212974	ftp.sra.ebi.ac.uk/vol1/fastq/SRR112/074/SRR11212974/SRR11212974_1.fastq.gz;ftp.sra.ebi.ac.uk/vol1/fastq/SRR112/074/SRR11212974/SRR11212974_2.fastq.gz	68259927;69367005	922208
