,af_toi,count_toi,af_bai,locus,chenh
A*11:02,0.039603960396039604,8.0,0.02475,A,0.0149
A*11:01,0.21287128712871287,43.0,0.22772,A,-0.0148
A*24:02,0.1485148514851485,30.0,0.13860999999999998,A,0.0099
A*33:03,0.1188118811881188,24.0,0.10891,A,0.0099
A*33:01,0.0,0.0,0.0099,A,-0.0099
B*39:01,0.009900990099009901,2.0,0.0198,B,-0.0099
A*02:12,0.0049504950495049506,1.0,0.0,A,0.005
A*02:45,0.0049504950495049506,1.0,0.0,A,0.005
A*02:11,0.0049504950495049506,1.0,0.0,A,0.005
B*15:02,0.12376237623762376,25.0,0.11881,B,0.005
A*02:03,0.07425742574257425,15.0,0.07921,A,-0.005
B*48:08,0.0049504950495049506,1.0,0.0,B,0.005
B*40:49,0.0049504950495049506,1.0,0.0,B,0.005
B*55:18,0.0,0.0,0.00495,B,-0.005
B*54:01,0.019801980198019802,4.0,0.01485,B,0.005
C*07:04,0.01485148514851485,3.0,0.0099,C,0.005
C*04:82,0.0,0.0,0.00495,C,-0.005
C*04:01,0.054455445544554455,11.0,0.0495,C,0.005
C*03:17,0.0,0.0,0.00495,C,-0.005
B*15:25,0.04950495049504951,10.0,0.05446,B,-0.005
B*40:01,0.07425742574257425,15.0,0.07921,B,-0.005
B*39:09,0.009900990099009901,2.0,0.00495,B,0.005
B*39:02,0.0049504950495049506,1.0,0.0,B,0.005
A*24:20,0.009900990099009901,2.0,0.01485,A,-0.0049
A*24:07,0.024752475247524754,5.0,0.0297,A,-0.0049
A*02:06,0.024752475247524754,5.0,0.0297,A,-0.0049
A*02:01,0.024752475247524754,5.0,0.0297,A,-0.0049
C*15:05,0.07425742574257425,15.0,0.06931,C,0.0049
C*15:02,0.009900990099009901,2.0,0.01485,C,-0.0049
C*03:04,0.08415841584158416,17.0,0.07921,C,0.0049
B*07:02,0.01485148514851485,3.0,0.0198,B,-0.0049
C*07:02,0.21287128712871287,43.0,0.21782,C,-0.0049
A*29:01,0.08415841584158416,17.0,0.08416,A,-0.0
A*30:01,0.0049504950495049506,1.0,0.00495,A,0.0
A*32:01,0.0049504950495049506,1.0,0.00495,A,0.0
A*11:04,0.009900990099009901,2.0,0.0099,A,0.0
A*24:03,0.009900990099009901,2.0,0.0099,A,0.0
A*03:01,0.0049504950495049506,1.0,0.00495,A,0.0
A*03:02,0.009900990099009901,2.0,0.0099,A,0.0
A*01:01,0.01485148514851485,3.0,0.01485,A,0.0
A*02:07,0.09900990099009901,20.0,0.09901,A,-0.0
A*24:10,0.0049504950495049506,1.0,0.00495,A,0.0
A*26:01,0.019801980198019802,4.0,0.0198,A,0.0
A*68:01,0.0049504950495049506,1.0,0.00495,A,0.0
A*34:01,0.01485148514851485,3.0,0.01485,A,0.0
A*31:01,0.01485148514851485,3.0,0.01485,A,0.0
B*18:01,0.009900990099009901,2.0,0.0099,B,0.0
B*15:12,0.01485148514851485,3.0,0.01485,B,0.0
B*15:35,0.009900990099009901,2.0,0.0099,B,0.0
B*15:27,0.0049504950495049506,1.0,0.00495,B,0.0
B*15:17,0.0049504950495049506,1.0,0.00495,B,0.0
B*15:01,0.009900990099009901,2.0,0.0099,B,0.0
B*15:11,0.0049504950495049506,1.0,0.00495,B,0.0
B*15:13,0.0049504950495049506,1.0,0.00495,B,0.0
B*07:05,0.06930693069306931,14.0,0.06931,B,-0.0
B*08:01,0.0049504950495049506,1.0,0.00495,B,0.0
B*13:01,0.0297029702970297,6.0,0.0297,B,0.0
B*13:02,0.009900990099009901,2.0,0.0099,B,0.0
A*74:02,0.0049504950495049506,1.0,0.00495,A,0.0
B*46:01,0.09405940594059406,19.0,0.09406,B,-0.0
B*44:03,0.009900990099009901,2.0,0.0099,B,0.0
B*40:06,0.019801980198019802,4.0,0.0198,B,0.0
B*40:02,0.0049504950495049506,1.0,0.00495,B,0.0
B*35:03,0.0049504950495049506,1.0,0.00495,B,0.0
B*35:05,0.034653465346534656,7.0,0.03465,B,0.0
B*37:01,0.0049504950495049506,1.0,0.00495,B,0.0
B*38:02,0.07920792079207921,16.0,0.07921,B,-0.0
B*27:06,0.019801980198019802,4.0,0.0198,B,0.0
B*35:01,0.019801980198019802,4.0,0.0198,B,0.0
B*18:02,0.0049504950495049506,1.0,0.00495,B,0.0
B*51:01,0.019801980198019802,4.0,0.0198,B,0.0
B*51:02,0.01485148514851485,3.0,0.01485,B,0.0
B*51:06,0.0049504950495049506,1.0,0.00495,B,0.0
B*52:01,0.019801980198019802,4.0,0.0198,B,0.0
B*48:01,0.01485148514851485,3.0,0.01485,B,0.0
C*03:03,0.04455445544554455,9.0,0.04455,C,0.0
C*03:02,0.0891089108910891,18.0,0.08911,C,-0.0
C*01:02,0.13366336633663367,27.0,0.13366,C,0.0
B*58:01,0.08415841584158416,17.0,0.08416,B,-0.0
B*57:01,0.0049504950495049506,1.0,0.00495,B,0.0
B*56:04,0.009900990099009901,2.0,0.0099,B,0.0
B*56:01,0.01485148514851485,3.0,0.01485,B,0.0
B*55:02,0.019801980198019802,4.0,0.0198,B,0.0
C*07:01,0.009900990099009901,2.0,0.0099,C,0.0
C*06:02,0.019801980198019802,4.0,0.0198,C,0.0
C*04:03,0.07425742574257425,15.0,0.07426,C,-0.0
C*07:06,0.0049504950495049506,1.0,0.00495,C,0.0
C*08:03,0.009900990099009901,2.0,0.0099,C,0.0
C*08:01,0.12871287128712872,26.0,0.12871,C,0.0
C*14:02,0.019801980198019802,4.0,0.0198,C,0.0
C*12:02,0.01485148514851485,3.0,0.01485,C,0.0
