sample,beta,A,A_homo,B,B_homo,C,C_homo
SRR11212885,0.001,A*11:01 A*11:02,False,B*15:02 B*40:01,False,C*07:02 C*08:01,False
SRR11212885,0.009,A*11:02 A*11:02,True,B*15:02 B*40:01,False,C*07:02 C*08:01,False
SRR11212885,0.05,A*11:02 A*11:02,True,B*15:02 B*40:01,False,C*07:02 C*08:01,False
SRR11212891,0.001,A*11:01 A*11:02,False,B*15:25 B*39:01,False,C*04:03 C*07:02,False
SRR11212891,0.009,A*11:02 A*11:02,True,B*15:25 B*39:01,False,C*04:03 C*07:02,False
SRR11212891,0.05,A*11:02 A*11:02,True,B*15:25 B*39:01,False,C*04:03 C*07:02,False
SRR11212897,0.001,A*11:01 A*11:01,True,B*39:01 B*40:01,False,C*07:02 C*07:123,False
SRR11212904,0.001,A*02:07 A*29:01,False,B*15:02 B*15:02,True,C*08:01 C*08:01,True
SRR11212938,0.001,A*02:07 A*31:01,False,B*46:01 B*46:01,True,C*01:02 C*01:02,True
SRR11212967,0.001,A*24:02 A*24:07,False,B*35:05 B*40:06,False,C*03:04 C*04:01,False
SRR11212971,0.001,A*02:07 A*30:02,False,B*15:12 B*46:01,False,C*01:02 C*02:19,False
SRR11212973,0.001,A*11:01 A*11:02,False,B*15:02 B*15:35,False,C*07:02 C*08:01,False
SRR11212973,0.009,A*11:02 A*11:02,True,B*15:02 B*15:35,False,C*07:02 C*08:01,False
SRR11212973,0.05,A*11:02 A*11:02,True,B*15:02 B*15:35,False,C*07:02 C*08:01,False
