sample,cap_read,genotype,read_dung,objective,gap_pct,khop_muc_cao_nhat
SRR11212875,2000,A*03:02 A*24:02 B*15:02 B*38:01 C*06:02 C*08:01,57,55.5,5.28,False
SRR11212875,5000,A*03:02 A*24:07 B*15:02 B*38:02 C*06:02 C*08:01,152,147.9,0.66,False
SRR11212875,10000,A*03:02 A*24:07 B*15:02 B*38:02 C*06:02 C*08:01,310,301.6,0.0,False
SRR11212875,20000,A*03:02 A*24:07 B*15:02 B*38:02 C*08:01 C*06:02,653,635.4,0.0,True
SRR11212875,40000,A*03:02 A*24:07 B*15:02 B*38:02 C*08:01 C*06:02,1282,1247.4,0.23,True
SRR11212911,2000,A*24:03 A*34:01 B*15:25 B*15:35 C*04:03 C*07:02,136,132.3,4.41,True
SRR11212911,5000,A*24:03 A*34:01 B*15:25 B*15:35 C*04:03 C*07:02,305,296.8,5.58,True
SRR11212911,10000,A*24:03 A*34:01 B*15:25 B*15:35 C*04:03 C*07:02,632,614.9,5.54,True
SRR11212911,20000,A*24:03 A*34:01 B*15:25 B*15:35 C*04:03 C*07:02,1253,1219.2,4.95,True
SRR11212911,40000,A*24:03 A*34:01 B*15:25 B*15:35 C*04:03 C*07:02,2468,2401.4,2.8,True
SRR11212960,2000,A*02:07 A*11:01 B*37:01 B*46:01 C*01:02 C*07:01,116,112.9,0.01,True
SRR11212960,5000,A*02:07 A*11:01 B*37:01 B*46:01 C*01:02 C*07:01,310,301.6,0.33,True
SRR11212960,10000,A*02:07 A*11:01 B*37:01 B*46:01 C*01:02 C*07:01,623,606.2,0.32,True
SRR11212960,20000,A*02:07 A*11:01 B*37:01 B*46:01 C*01:02 C*07:01,1216,1183.2,0.99,True
SRR11212960,40000,A*02:07 A*11:01 B*37:01 B*46:01 C*01:02 C*07:01,2289,2227.2,1.4,True
