allele2,BA,EL,tong
A*02:01,18244,52625,70869
B*27:05,3829,60021,63850
B*07:02,5614,24883,30497
B*57:01,2933,19968,22901
B*15:02,193,21953,22146
A*01:01,5278,16544,21822
A*03:01,8016,12745,20761
B*40:01,3435,15703,19138
A*24:02,4549,14318,18867
A*11:01,6931,11353,18284
B*51:01,2909,15277,18186
B*40:02,1088,16761,17849
B*15:01,4512,12888,17400
B*44:02,2398,11455,13853
A*68:01,4300,7781,12081
C*05:01,225,11434,11659
B*08:01,3673,7893,11566
C*12:02,29,11221,11250
A*29:02,2665,7969,10634
B*44:03,1531,8720,10251
A*68:02,5601,4406,10007
B*58:01,3770,5931,9701
A*31:01,5781,3686,9467
A*02:03,6382,2857,9239
B*35:01,3613,4981,8594
C*03:04,316,8190,8506
A*02:06,5724,2430,8154
B*18:01,2746,5134,7880
A*02:02,4198,3518,7716
A*33:03,137,7093,7230
B*57:03,34,6658,6692
A*26:01,4458,2043,6501
A*32:01,1138,5328,6466
A*23:01,2546,3867,6413
A*30:01,3261,3056,6317
B*27:09,47,6159,6206
A*33:01,3610,2571,6181
B*49:01,0,5959,5959
C*08:02,155,5672,5827
C*16:01,0,5788,5788
C*06:02,403,5198,5601
C*14:02,244,5280,5524
A*30:02,2357,3019,5376
C*07:01,468,4839,5307
C*12:03,177,5033,5210
A*02:07,133,4818,4951
C*03:03,176,4671,4847
C*04:01,526,4196,4722
C*15:02,181,4492,4673
B*46:01,1831,2835,4666
B*45:01,1081,3534,4615
B*13:02,3,4440,4443
B*15:03,705,3713,4418
A*02:05,127,4114,4241
B*13:01,0,4213,4213
B*53:01,1781,2293,4074
A*34:02,0,3978,3978
B*27:01,60,3868,3928
B*42:01,213,3606,3819
B*15:10,21,3726,3747
A*25:01,963,2709,3672
B*39:01,1671,1964,3635
A*02:04,9,3531,3540
B*35:03,290,3210,3500
B*27:02,83,3303,3386
B*15:17,1452,1911,3363
A*02:11,1088,2264,3352
B*38:01,534,2725,3259
C*02:02,0,3233,3233
A*69:01,2575,624,3199
B*38:02,0,3170,3170
C*07:02,194,2921,3115
A*66:01,102,3005,3107
C*14:03,0,3070,3070
A*11:02,14,2971,2985
A*36:01,0,2945,2945
A*74:01,9,2814,2823
B*54:01,1218,1593,2811
C*01:02,25,2764,2789
B*40:06,0,2546,2546
B*14:02,235,2296,2531
A*34:01,0,2452,2452
B*56:01,3,2390,2393
B*37:01,68,2119,2187
B*27:08,0,2142,2142
B*27:07,0,2127,2127
C*08:01,44,2009,2053
B*35:07,0,2011,2011
B*52:01,48,1963,2011
B*55:01,3,1997,2000
B*27:03,907,1024,1931
B*50:01,0,1693,1693
B*55:02,28,1645,1673
C*17:01,1,1573,1574
B*07:04,0,1539,1539
A*24:07,0,1509,1509
B*41:01,0,1417,1417
B*27:04,89,1308,1397
C*07:04,0,1386,1386
C*03:02,0,1338,1338
B*27:06,89,1237,1326
A*02:19,1245,0,1245
B*35:08,156,1082,1238
C*04:03,0,1237,1237
A*24:03,1227,3,1230
B*58:02,55,1160,1215
A*02:12,1183,0,1183
A*80:01,1167,0,1167
B*15:186,0,1071,1071
B*39:06,33,1002,1035
B*08:02,1019,0,1019
A*02:16,920,0,920
B*48:01,883,0,883
B*15:09,842,0,842
A*26:02,644,0,644
B*51:08,0,624,624
A*02:17,348,237,585
A*26:03,537,1,538
B*08:03,470,0,470
A*26:08,0,411,411
B*73:01,131,277,408
A*24:06,0,407,407
B*39:24,0,396,396
B*15:42,363,5,368
B*45:06,361,0,361
B*83:01,338,0,338
A*11:10,0,290,290
A*24:13,0,250,250
B*18:03,0,229,229
B*44:09,0,212,212
B*44:27,0,209,209
A*03:07,0,206,206
B*15:11,0,184,184
A*29:01,0,149,149
A*02:50,135,0,135
B*44:28,0,119,119
C*15:05,0,113,113
A*30:04,5,96,101
B*27:20,91,0,91
B*57:02,26,63,89
A*32:07,87,0,87
B*41:03,0,85,85
A*68:23,82,0,82
B*27:16,0,79,79
A*32:15,74,0,74
C*12:04,0,72,72
C*07:06,0,69,69
A*32:02,0,66,66
B*41:05,0,64,64
B*40:13,58,0,58
B*41:04,0,52,52
B*14:01,42,9,51
B*44:08,0,49,49
A*03:02,26,20,46
B*81:01,43,0,43
B*35:02,1,37,38
B*39:09,22,13,35
B*15:16,34,0,34
A*30:14,0,33,33
B*15:08,31,0,31
A*30:03,31,0,31
A*66:02,0,31,31
A*03:19,30,0,30
B*47:01,0,27,27
B*41:06,0,22,22
B*41:02,0,21,21
B*14:03,0,21,21
B*42:02,18,0,18
B*38:14,0,18,18
A*02:10,18,0,18
B*44:05,14,4,18
C*01:06,0,17,17
A*29:13,0,17,17
C*12:15,0,16,16
A*68:12,15,0,15
B*07:06,0,15,15
B*40:32,0,13,13
B*27:10,3,10,13
A*30:22,0,12,12
A*02:14,12,0,12
B*35:04,0,12,12
B*51:04,0,11,11
B*35:06,0,10,10
C*16:02,0,10,10
C*03:13,0,9,9
A*25:03,0,9,9
B*39:05,0,8,8
B*51:02,7,0,7
A*01:03,0,7,7
C*07:11,0,7,7
B*27:13,0,6,6
B*15:13,6,0,6
B*15:15,0,6,6
A*02:09,5,0,5
B*39:10,4,1,5
B*15:18,0,5,5
A*02:08,5,0,5
B*44:40,0,4,4
C*08:03,3,0,3
B*08:15,0,2,2
C*08:14,0,2,2
B*50:02,0,2,2
C*15:13,0,2,2
B*15:04,0,2,2
B*07:05,0,1,1
A*29:14,0,1,1
A*01:25,0,1,1
B*15:24,0,1,1
