donor_2field,so_allele_2field_muon
A*02:01,263
A*02:43N,202
A*24:02,198
B*07:02,151
A*03:01,145
C*07:01,145
C*07:06,139
C*07:02,136
B*51:01,135
C*04:01,130
B*40:01,121
B*15:01,120
A*11:01,117
B*35:01,113
A*01:01,110
B*08:01,105
C*06:02,97
B*08:19N,94
B*44:02,88
C*03:04,88
C*06:46N,86
C*05:01,83
B*18:01,83
A*26:01,80
B*18:17N,80
B*44:03,72
B*27:05,68
B*40:02,66
C*12:03,66
A*31:01,65
C*01:02,64
A*68:01,62
C*03:03,61
A*32:01,60
A*23:01,57
B*39:01,56
C*02:02,52
A*33:03,47
B*57:01,46
C*16:01,45
A*30:01,43
C*14:02,42
A*02:06,42
A*29:02,41
B*58:01,40
B*35:03,40
C*15:02,39
C*08:02,39
B*13:02,37
B*14:02,36
B*46:01,36
B*37:01,34
B*52:01,32
B*15:03,30
B*53:01,30
B*38:01,29
A*68:02,28
B*49:01,28
C*12:02,28
B*54:01,27
B*56:01,27
B*41:01,26
B*40:06,25
A*30:02,25
B*55:01,25
B*55:02,25
B*15:18,24
B*13:01,23
A*66:01,23
A*25:01,22
B*50:01,22
B*15:11,21
B*35:02,21
C*15:05,20
B*48:01,20
C*03:02,19
B*27:04,19
A*02:03,18
C*08:01,17
C*17:01,17
B*35:08,17
B*07:05,16
B*35:05,16
A*02:05,16
B*15:02,15
A*02:07,15
A*74:01,14
B*57:03,14
B*42:01,14
A*03:02,14
A*74:02,14
A*33:01,13
B*56:04,12
C*07:04,12
A*29:01,11
C*02:10,10
A*24:03,10
B*07:50,10
B*38:02,10
B*51:02,10
C*16:02,10
B*15:17,9
B*45:01,9
B*14:07N,8
B*15:10,8
A*11:02,8
B*15:42,8
A*02:02,8
B*78:01,8
B*15:25,7
B*47:01,7
C*08:03,7
B*56:03,7
B*40:72,7
A*34:02,7
B*39:13,7
B*15:16,6
A*30:04,6
B*40:10,6
B*27:07,6
B*51:42,6
C*08:04,6
B*39:06,6
B*39:05,6
B*39:10,6
A*01:11N,5
A*02:57,5
C*14:03,5
B*59:01,5
C*03:13,5
C*04:03,5
B*15:27,5
B*27:06,5
C*18:01,5
B*15:58,5
A*02:81,5
A*02:65,5
B*35:14,4
C*02:16,4
C*03:05,4
A*11:25,4
A*68:03,4
A*24:08,4
A*24:07,4
B*48:03,4
B*40:40,4
C*16:04,4
C*08:27,4
C*01:03,4
B*53:11,4
C*07:26,3
C*07:19,3
B*44:09,3
B*15:13,3
A*02:279,3
A*01:03,3
C*03:40,3
C*07:49,3
B*57:11,3
B*81:01,3
B*27:32,3
B*42:02,3
A*36:01,3
A*34:01,3
A*68:08,3
A*02:60,3
B*15:07,3
B*07:33,3
A*02:10,2
B*44:46,2
A*24:10,2
A*69:01,2
A*23:09,2
A*11:60,2
A*80:01,2
A*01:14,2
A*68:71,2
B*15:04,2
C*05:09,2
C*05:08,2
B*67:01,2
B*82:02,2
B*55:24,2
B*48:04,2
B*40:03,2
B*48:08,2
B*38:14,2
B*39:34,2
B*15:77,2
B*27:24,2
B*45:04,2
A*24:20,1
A*01:20,1
A*02:376,1
B*15:108,1
B*13:15,1
B*08:20,1
A*31:04,1
A*26:15,1
B*18:26,1
B*44:23N,1
B*15:220,1
B*44:150,1
B*44:04,1
C*01:21,1
B*73:01,1
C*12:19,1
C*08:22,1
C*15:17,1
C*15:16,1
