,xuat_hien,gay_bat_on,ti_le_%,nhom
A*24:02,30,8,26.7,pho_bien
A*11:01,39,7,17.9,pho_bien
A*02:01,7,4,57.1,pho_bien
A*02:45,3,3,100.0,hiem
A*11:06,2,2,100.0,hiem
A*11:10,2,2,100.0,hiem
A*11:19,2,2,100.0,hiem
A*24:08,2,2,100.0,hiem
B*39:02,2,2,100.0,hiem
C*06:03,2,2,100.0,hiem
A*24:20,3,2,66.7,hiem
C*15:02,3,2,66.7,hiem
C*06:02,4,2,50.0,pho_bien
A*24:07,6,2,33.3,pho_bien
C*03:03,9,2,22.2,pho_bien
B*40:01,15,2,13.3,pho_bien
A*01:06,1,1,100.0,hiem
A*02:11,1,1,100.0,hiem
A*02:12,1,1,100.0,hiem
A*02:44,1,1,100.0,hiem
A*03:01,1,1,100.0,hiem
A*03:12,1,1,100.0,hiem
A*23:01,1,1,100.0,hiem
A*24:28,1,1,100.0,hiem
A*24:29,1,1,100.0,hiem
A*24:63,1,1,100.0,hiem
B*07:03,1,1,100.0,hiem
B*15:68,1,1,100.0,hiem
B*40:02,1,1,100.0,hiem
B*40:08,1,1,100.0,hiem
B*40:49,1,1,100.0,hiem
B*48:02,1,1,100.0,hiem
B*48:08,1,1,100.0,hiem
C*01:05,1,1,100.0,hiem
C*03:32,1,1,100.0,hiem
C*07:19,1,1,100.0,hiem
C*08:21,1,1,100.0,hiem
C*15:09,1,1,100.0,hiem
A*01:01,3,1,33.3,hiem
B*39:01,3,1,33.3,hiem
B*07:02,4,1,25.0,pho_bien
B*48:01,4,1,25.0,pho_bien
A*11:02,5,1,20.0,pho_bien
A*02:06,6,1,16.7,pho_bien
B*15:25,11,1,9.1,pho_bien
B*07:05,14,1,7.1,pho_bien
C*15:05,14,1,7.1,pho_bien
B*38:02,15,1,6.7,pho_bien
B*58:01,17,1,5.9,pho_bien
C*03:04,17,1,5.9,pho_bien
B*46:01,18,1,5.6,pho_bien
C*03:02,19,1,5.3,pho_bien
B*15:02,22,1,4.5,pho_bien
C*08:01,24,1,4.2,pho_bien
C*01:02,25,1,4.0,pho_bien
C*07:02,40,1,2.5,pho_bien
A*02:03,15,0,0.0,pho_bien
A*02:07,18,0,0.0,pho_bien
A*03:02,2,0,0.0,hiem
A*11:04,2,0,0.0,hiem
A*24:03,2,0,0.0,hiem
A*24:10,1,0,0.0,hiem
A*26:01,4,0,0.0,pho_bien
A*29:01,17,0,0.0,pho_bien
A*30:01,1,0,0.0,hiem
A*31:01,3,0,0.0,hiem
A*32:01,1,0,0.0,hiem
A*33:03,22,0,0.0,pho_bien
A*34:01,3,0,0.0,hiem
A*68:01,1,0,0.0,hiem
A*74:02,1,0,0.0,hiem
B*08:01,1,0,0.0,hiem
B*13:01,6,0,0.0,pho_bien
B*13:02,2,0,0.0,hiem
B*15:01,2,0,0.0,hiem
B*15:11,1,0,0.0,hiem
B*15:12,3,0,0.0,hiem
B*15:13,1,0,0.0,hiem
B*15:17,1,0,0.0,hiem
B*15:27,1,0,0.0,hiem
B*15:35,2,0,0.0,hiem
B*18:01,2,0,0.0,hiem
B*18:02,1,0,0.0,hiem
B*27:06,4,0,0.0,pho_bien
B*35:01,4,0,0.0,pho_bien
B*35:03,1,0,0.0,hiem
B*35:05,7,0,0.0,pho_bien
B*37:01,1,0,0.0,hiem
B*39:09,2,0,0.0,hiem
B*40:06,4,0,0.0,pho_bien
B*44:03,2,0,0.0,hiem
B*51:01,4,0,0.0,pho_bien
B*51:02,3,0,0.0,hiem
B*51:06,1,0,0.0,hiem
B*52:01,4,0,0.0,pho_bien
B*54:01,4,0,0.0,pho_bien
B*55:02,4,0,0.0,pho_bien
B*56:01,3,0,0.0,hiem
B*56:04,2,0,0.0,hiem
B*57:01,1,0,0.0,hiem
C*04:01,11,0,0.0,pho_bien
C*04:03,15,0,0.0,pho_bien
C*07:01,2,0,0.0,hiem
C*07:04,3,0,0.0,hiem
C*07:06,1,0,0.0,hiem
C*08:03,2,0,0.0,hiem
C*12:02,3,0,0.0,hiem
C*14:02,4,0,0.0,pho_bien
